{
  "action_fingerprints": {
    "action_listen": {
      "slots": []
    },
    "utter_submit": {
      "slots": []
    },
    "action_submit": {
      "slots": []
    },
    "utter_get_quet": {
      "slots": []
    }
  },
  "python": "3.6.4",
  "max_histories": [
    5,
    null,
    5,
    2,
    5,
    null,
    2
  ],
  "ensemble_name": "rasa_core.policies.ensemble.SimplePolicyEnsemble",
  "policy_names": [
    "rasa_core.policies.keras_policy.KerasPolicy",
    "rasa_core.policies.fallback.FallbackPolicy",
    "rasa_core.policies.memoization.MemoizationPolicy",
    "rasa_core.policies.form_policy.FormPolicy",
    "rasa_core.policies.mapping_policy.MappingPolicy",
    "rasa_core.policies.fallback.FallbackPolicy",
    "rasa_core.policies.form_policy.FormPolicy"
  ],
  "trained_at": "20201205-201911",
  "rasa_core": "0.14.5",
  "tensorflow": "1.13.1",
  "sklearn": "0.20.4"
}