{"py/object": "rasa_core.featurizers.MaxHistoryTrackerFeaturizer", "state_featurizer": {"py/object": "rasa_core.featurizers.BinarySingleStateFeaturizer", "user_feature_len": 7, "slot_feature_len": 2, "num_features": 33, "input_state_map": {"intent_goodbye": 0, "intent_greet": 1, "intent_i_am_admin": 2, "intent_my_username": 3, "intent_new_admin": 4, "entity_PERSON": 5, "entity_phonenumber": 6, "slot_PERSON_0": 7, "slot_phonenumber_0": 8, "prev_action_listen": 9, "prev_action_restart": 10, "prev_action_default_fallback": 11, "prev_action_deactivate_form": 12, "prev_action_revert_fallback_events": 13, "prev_action_default_ask_affirmation": 14, "prev_action_default_ask_rephrase": 15, "prev_action_back": 16, "prev_action_greet": 17, "prev_action_i_am_admin": 18, "prev_action_my_username": 19, "prev_action_my_password": 20, "prev_action_please_wait": 21, "prev_action_some": 22, "prev_utter_please_username": 23, "prev_utter_get_quet": 24, "prev_action_call": 25, "prev_utter_call_back": 26, "prev_utter_namep": 27, "prev_action_name": 28, "prev_utter_phonenumber": 29, "prev_action_phonenumber": 30, "prev_utter_submit": 31, "prev_action_submit": 32}}, "use_intent_probabilities": false, "max_history": 5, "remove_duplicates": true}