{
  "rasa_nlu_data": {
    "common_examples": [
      {
        "intent": "greet",
        "text": "hey"
      },
      {
        "intent": "greet",
        "text": "hello there"
      },
      {
        "intent": "greet",
        "text": "hi"
      },
      {
        "intent": "greet",
        "text": "good morning"
      },
      {
        "intent": "greet",
        "text": "good evening"
      },
      {
        "intent": "greet",
        "text": "hey there"
      },
      {
        "intent": "greet",
        "text": "hey dude"
      },
      {
        "intent": "goodbye",
        "text": "cu"
      },
      {
        "intent": "goodbye",
        "text": "good by"
      },
      {
        "intent": "goodbye",
        "text": "cee you later"
      },
      {
        "intent": "goodbye",
        "text": "good night"
      },
      {
        "intent": "goodbye",
        "text": "good afternoon"
      },
      {
        "intent": "goodbye",
        "text": "bye"
      },
      {
        "intent": "goodbye",
        "text": "goodbye"
      },
      {
        "intent": "goodbye",
        "text": "have a nice day"
      },
      {
        "intent": "goodbye",
        "text": "bye bye"
      },
      {
        "intent": "goodbye",
        "text": "see you later"
      },
      {
        "intent": "my_username",
        "entities": [
          {
            "start": 0,
            "end": 4,
            "value": "amit",
            "entity": "PERSON"
          }
        ],
        "text": "amit is my full name"
      },
      {
        "intent": "my_username",
        "entities": [
          {
            "start": 0,
            "end": 9,
            "value": "sangmitra",
            "entity": "PERSON"
          }
        ],
        "text": "sangmitra my full name"
      },
      {
        "intent": "my_username",
        "entities": [
          {
            "start": 0,
            "end": 6,
            "value": "ramesh",
            "entity": "PERSON"
          }
        ],
        "text": "ramesh full name"
      },
      {
        "intent": "my_username",
        "entities": [
          {
            "start": 0,
            "end": 5,
            "value": "kumal",
            "entity": "PERSON"
          }
        ],
        "text": "kumal is latest full name"
      },
      {
        "intent": "my_username",
        "entities": [
          {
            "start": 16,
            "end": 22,
            "value": "sunita",
            "entity": "PERSON"
          }
        ],
        "text": "my full name is sunita"
      },
      {
        "intent": "my_username",
        "entities": [
          {
            "start": 10,
            "end": 15,
            "value": "akash",
            "entity": "PERSON"
          }
        ],
        "text": "full name akash"
      },
      {
        "intent": "my_username",
        "entities": [
          {
            "start": 0,
            "end": 5,
            "value": "ankit",
            "entity": "PERSON"
          }
        ],
        "text": "ankit"
      },
      {
        "intent": "my_username",
        "entities": [
          {
            "start": 0,
            "end": 6,
            "value": "vikash",
            "entity": "PERSON"
          }
        ],
        "text": "vikash"
      },
      {
        "intent": "my_username",
        "entities": [
          {
            "start": 0,
            "end": 7,
            "value": "mahadev",
            "entity": "PERSON"
          }
        ],
        "text": "mahadev"
      },
      {
        "intent": "my_username",
        "entities": [
          {
            "start": 0,
            "end": 5,
            "value": "suman",
            "entity": "PERSON"
          }
        ],
        "text": "suman"
      },
      {
        "intent": "my_username",
        "entities": [
          {
            "start": 0,
            "end": 6,
            "value": "shanti",
            "entity": "PERSON"
          }
        ],
        "text": "shanti"
      },
      {
        "intent": "my_username",
        "entities": [
          {
            "start": 0,
            "end": 6,
            "value": "swaraj",
            "entity": "PERSON"
          }
        ],
        "text": "swaraj"
      },
      {
        "intent": "my_username",
        "entities": [
          {
            "start": 0,
            "end": 4,
            "value": "jini",
            "entity": "PERON"
          }
        ],
        "text": "jini"
      },
      {
        "intent": "my_username",
        "entities": [
          {
            "start": 0,
            "end": 5,
            "value": "pooja",
            "entity": "PERSON"
          }
        ],
        "text": "pooja"
      },
      {
        "intent": "my_username",
        "text": "[mina][PERSON]"
      },
      {
        "intent": "my_username",
        "entities": [
          {
            "start": 20,
            "end": 27,
            "value": "vandana",
            "entity": "PERSON"
          }
        ],
        "text": "my old full name is vandana"
      },
      {
        "intent": "my_username",
        "entities": [
          {
            "start": 24,
            "end": 29,
            "value": "vinod",
            "entity": "PERSON"
          }
        ],
        "text": "my current full name is vinod"
      },
      {
        "intent": "my_username",
        "entities": [
          {
            "start": 0,
            "end": 6,
            "value": "simran",
            "entity": "PERSON"
          }
        ],
        "text": "simran is my full name"
      },
      {
        "intent": "my_username",
        "entities": [
          {
            "start": 10,
            "end": 15,
            "value": "rekha",
            "entity": "PERSON"
          }
        ],
        "text": "full name rekha"
      },
      {
        "intent": "my_username",
        "entities": [
          {
            "start": 21,
            "end": 26,
            "value": "bipin",
            "entity": "PERSON"
          }
        ],
        "text": "my only full name is bipin"
      },
      {
        "intent": "my_username",
        "entities": [
          {
            "start": 11,
            "end": 17,
            "value": "rakesh",
            "entity": "PERSON"
          }
        ],
        "text": "my name is rakesh"
      },
      {
        "intent": "my_username",
        "entities": [
          {
            "start": 0,
            "end": 6,
            "value": "rakesh",
            "entity": "PERSON"
          }
        ],
        "text": "rakesh is my name"
      },
      {
        "intent": "my_username",
        "entities": [
          {
            "start": 16,
            "end": 22,
            "value": "rakesh",
            "entity": "PERSON"
          }
        ],
        "text": "my full name is rakesh"
      },
      {
        "intent": "my_username",
        "entities": [
          {
            "start": 16,
            "end": 23,
            "value": "raskesh",
            "entity": "PERSON"
          }
        ],
        "text": "my only name is raskesh"
      },
      {
        "intent": "my_username",
        "entities": [
          {
            "start": 21,
            "end": 28,
            "value": "raskesh",
            "entity": "person"
          }
        ],
        "text": "MY only full name is raskesh"
      },
      {
        "intent": "phonenumber",
        "entities": [
          {
            "start": 15,
            "end": 25,
            "value": "1234556787",
            "entity": "phonenumber"
          }
        ],
        "text": "my phonenumber 1234556787"
      },
      {
        "intent": "phonenumber",
        "entities": [
          {
            "start": 12,
            "end": 22,
            "value": "2735297636",
            "entity": "phonenumber"
          }
        ],
        "text": "phonenumber 2735297636"
      },
      {
        "intent": "phonenumber",
        "entities": [
          {
            "start": 0,
            "end": 10,
            "value": "9992833233",
            "entity": "phonenumber"
          }
        ],
        "text": "9992833233"
      },
      {
        "intent": "phonenumber",
        "entities": [
          {
            "start": 0,
            "end": 10,
            "value": "9808753407",
            "entity": "phonenumber"
          }
        ],
        "text": "9808753407 is my phone number"
      },
      {
        "intent": "phonenumber",
        "entities": [
          {
            "start": 13,
            "end": 23,
            "value": "9873038303",
            "entity": "phonenumber"
          }
        ],
        "text": "my number is 9873038303"
      },
      {
        "intent": "phonenumber",
        "entities": [
          {
            "start": 10,
            "end": 20,
            "value": "8729873849",
            "entity": "phonenumber"
          }
        ],
        "text": "number is 8729873849"
      },
      {
        "intent": "phonenumber",
        "entities": [
          {
            "start": 12,
            "end": 22,
            "value": "1238339220",
            "entity": "phonenumber"
          }
        ],
        "text": "my phone is 1238339220"
      },
      {
        "intent": "phonenumber",
        "entities": [
          {
            "start": 9,
            "end": 19,
            "value": "1123123332",
            "entity": "phonenumber"
          }
        ],
        "text": "phone is 1123123332"
      },
      {
        "intent": "phonenumber",
        "entities": [
          {
            "start": 0,
            "end": 10,
            "value": "1231222332",
            "entity": "phonenumber"
          }
        ],
        "text": "1231222332 is only number"
      },
      {
        "intent": "phonenumber",
        "entities": [
          {
            "start": 18,
            "end": 28,
            "value": "1223456789",
            "entity": "phonenumber"
          }
        ],
        "text": "my only number is 1223456789"
      },
      {
        "intent": "phonenumber",
        "entities": [
          {
            "start": 17,
            "end": 27,
            "value": "1927321981",
            "entity": "phonenumber"
          }
        ],
        "text": "my old number is 1927321981"
      },
      {
        "intent": "phonenumber",
        "entities": [
          {
            "start": 17,
            "end": 27,
            "value": "9862826181",
            "entity": "phonenumber"
          }
        ],
        "text": "my new number is 9862826181"
      },
      {
        "intent": "phonenumber",
        "entities": [
          {
            "start": 0,
            "end": 10,
            "value": "1123876383",
            "entity": "phonenumber"
          }
        ],
        "text": "1123876383 is my old number"
      },
      {
        "intent": "phonenumber",
        "entities": [
          {
            "start": 0,
            "end": 10,
            "value": "1239836383",
            "entity": "phonenumber"
          }
        ],
        "text": "1239836383 is my new number"
      },
      {
        "intent": "phonenumber",
        "entities": [
          {
            "start": 0,
            "end": 10,
            "value": "1273528292",
            "entity": "phonenumber"
          }
        ],
        "text": "1273528292 is my recent number"
      },
      {
        "intent": "bot_challenge",
        "text": "are you a bot ?"
      },
      {
        "intent": "bot_challenge",
        "text": "are you a human ?"
      },
      {
        "intent": "bot_challenge",
        "text": "am I talking to a bot ?"
      },
      {
        "intent": "bot_challenge",
        "text": "am I talking to a human ?"
      },
      {
        "intent": "GET_A_QUOTE",
        "text": "get a quote"
      },
      {
        "intent": "GET_A_QUOTE",
        "text": "get_a_quote"
      },
      {
        "intent": "GET_A_QUOTE",
        "text": "GET_A_QUOTE"
      },
      {
        "intent": "GET_A_QUOTE",
        "text": "GET A QUOTE"
      },
      {
        "intent": "GET_A_QUOTE",
        "text": "get"
      },
      {
        "intent": "GET_A_QUOTE",
        "text": "a quote"
      },
      {
        "intent": "GET_A_QUOTE",
        "text": "quote"
      },
      {
        "intent": "GET_A_QUOTE",
        "text": "getaquote"
      },
      {
        "intent": "GET_A_QUOTE",
        "text": "Quote"
      },
      {
        "intent": "GET_A_QUOTE",
        "text": "quote please"
      }
    ],
    "regex_features": [],
    "lookup_tables": [],
    "entity_synonyms": []
  }
}